{
    "dataset": "BloodMNIST",
    "description": "The BloodMNIST is based on a dataset of individual normal cells, captured from individuals without infection, hematologic or oncologic disease and free of any pharmacologic treatment at the moment of blood collection. It contains a total of 17,092 images and is organized into 8 classes. We split the source dataset with a ratio of 7:1:2 into training, validation and test set. The source images with resolution 3\u00d7360\u00d7363 pixels are center-cropped into 3\u00d7200\u00d7200, and then resized into 3\u00d728\u00d728.",
    "label": {
        "0": "basophil",
        "1": "eosinophil",
        "2": "erythroblast",
        "3": "immature granulocytes(myelocytes, metamyelocytes and promyelocytes)",
        "4": "lymphocyte",
        "5": "monocyte",
        "6": "neutrophil",
        "7": "platelet"
    },
    "num_classes": 8,
    "n_channels": 3,
    "n_samples": {
        "train": 11959,
        "val": 1712,
        "test": 3421
    }
}
